term,estimate,std.error,statistic,p.value
evi,2.7327776683964223e-4,1.9955406488239686e-5,13.69442246143635,1.0962855056119054e-42
world_pop,-2.5305487929004578,0.21236406100487867,-11.916087783056302,9.758420815753522e-33
core_dist,-9.64806829973775e-5,1.724424616380177e-5,-5.5949492996629075,2.2068625031025758e-8
fence_dist,-2.592875746476452e-5,1.0140548801287712e-5,-2.5569382853787874,0.010559795019202074
road_dist,-5.953287764466894e-4,1.1320252417678899e-4,-5.258970864615716,1.4486383734009602e-7
elevation,-0.015058385761940574,0.0013413652426330818,-11.226163675138299,3.0336622776977344e-29
slope,0.17976496814499643,0.015385115570317276,11.684343047238434,1.532599566843292e-31
cropland_dist,-4.807691299195648e-5,4.859524262397687e-6,-9.893337371307897,4.449420991678434e-23
grassland_dist,3.6233872150310864e-5,4.530843408671016e-6,7.997158339431325,1.2732346200400153e-15
shrubland_dist,-7.247883894907414e-5,8.221062211407375e-6,-8.816237742186651,1.1837000346626744e-18
tree_cover_dist,-4.0005134438863424e-5,4.813327531274672e-6,-8.311326037741964,9.463850907198141e-17
urban_dist,-4.061317052596704e-6,3.2627864753630587e-6,-1.2447388400262358,0.21322776402823615
water_rivers_dist,-1.0996917259924843e-5,3.3398704989655374e-6,-3.2926178614802377,9.925928465860808e-4
hydrorivers_linear,-0.5113394787866992,0.03267898933922558,-15.647346785383077,3.463616454440349e-55
kaza_vet_fences_linear,0.27414438463321616,0.4886368906919582,0.5610390657262914,0.5747709060045152
roads_linear,0.21260146321527876,0.023018865657395953,9.235966114905839,2.5596551511686815e-20
